day,wind_spread,wind_mean,t2m_spread,n_valid_times,lear_mae
2023-01-19 00:00:00+00:00,0.2604,4.4116,0.1961,8,21.7166
2023-01-20 00:00:00+00:00,0.1945,2.6937,0.2077,8,34.8534
2023-01-21 00:00:00+00:00,0.2615,4.2305,0.1296,8,41.8512
2023-01-22 00:00:00+00:00,0.2163,4.0653,0.1139,8,45.1093
2023-01-23 00:00:00+00:00,0.1613,3.0668,0.1386,8,21.5438
2023-01-24 00:00:00+00:00,0.103,3.0334,0.2643,8,27.4381
2023-01-25 00:00:00+00:00,0.1055,3.1993,0.2457,8,11.941
2023-01-26 00:00:00+00:00,0.1731,2.9873,0.2232,8,21.298
2023-01-27 00:00:00+00:00,0.1631,3.5519,0.1078,8,16.0806
2023-01-28 00:00:00+00:00,0.1099,3.2378,0.242,8,17.0105
2023-01-29 00:00:00+00:00,0.1418,4.4127,0.2144,8,44.0833
2023-01-30 00:00:00+00:00,0.4003,7.906,0.2622,8,16.7475
2023-01-31 00:00:00+00:00,0.4241,7.0862,0.3145,8,18.5561
2023-02-01 00:00:00+00:00,0.4543,8.1434,0.2553,8,18.7765
2023-02-02 00:00:00+00:00,0.3081,5.6556,0.2179,8,24.0692
2023-02-03 00:00:00+00:00,0.4308,7.3192,0.1962,8,57.7637
2023-02-04 00:00:00+00:00,0.3548,3.752,0.4149,8,22.1102
2023-02-05 00:00:00+00:00,0.4511,3.6421,0.3447,8,21.9346
2023-02-06 00:00:00+00:00,0.2207,2.5132,0.2969,8,52.4994
2023-02-07 00:00:00+00:00,0.0968,2.8482,0.1658,8,10.0965
2023-02-08 00:00:00+00:00,0.1415,3.5088,0.174,8,16.0114
2023-02-09 00:00:00+00:00,0.1943,4.308,0.1964,8,16.3535
2023-02-10 00:00:00+00:00,0.2383,4.5197,0.2098,8,14.5789
2023-02-11 00:00:00+00:00,0.2367,5.1618,0.2282,8,16.4423
2023-02-12 00:00:00+00:00,0.1198,2.8473,0.154,8,25.6407
2023-02-13 00:00:00+00:00,0.0954,2.7983,0.1841,8,26.7844
2023-02-14 00:00:00+00:00,0.0699,2.0063,0.2298,8,11.7927
2023-02-15 00:00:00+00:00,0.1071,2.5741,0.1495,8,27.1713
2023-02-16 00:00:00+00:00,0.1676,3.8088,0.1625,8,16.0457
2023-02-17 00:00:00+00:00,0.4398,6.9003,0.2102,8,24.8047
2023-02-18 00:00:00+00:00,0.3559,6.4463,0.2103,8,76.1178
2023-02-19 00:00:00+00:00,0.3082,5.0494,0.2092,8,11.6762
2023-02-20 00:00:00+00:00,0.2932,6.855,0.2191,8,18.8548
2023-02-21 00:00:00+00:00,0.2392,4.5806,0.1836,8,32.6904
2023-02-22 00:00:00+00:00,0.1364,2.7864,0.1604,8,8.9532
2023-02-23 00:00:00+00:00,0.1887,3.2966,0.1722,8,16.6703
2023-02-24 00:00:00+00:00,0.3003,5.3316,0.2291,8,24.9599
2023-02-25 00:00:00+00:00,0.3164,6.0708,0.281,8,8.7724
2023-02-26 00:00:00+00:00,0.2375,4.7961,0.2594,8,18.8769
2023-02-27 00:00:00+00:00,0.2016,3.3969,0.2162,8,35.7703
2023-02-28 00:00:00+00:00,0.1558,2.8113,0.1972,8,13.2454
2023-03-01 00:00:00+00:00,0.156,2.8898,0.2177,8,8.6401
2023-03-02 00:00:00+00:00,0.1246,2.8617,0.2121,8,14.4021
2023-03-03 00:00:00+00:00,0.1474,3.4245,0.2644,8,24.8325
2023-03-04 00:00:00+00:00,0.2611,4.981,0.3547,8,16.9192
2023-03-05 00:00:00+00:00,0.3092,4.4003,0.552,8,13.8358
2023-03-06 00:00:00+00:00,0.2561,3.4685,0.2278,8,20.4648
2023-03-07 00:00:00+00:00,0.401,6.3582,0.306,8,11.4688
2023-03-08 00:00:00+00:00,0.349,3.7027,0.2954,8,43.4875
2023-03-09 00:00:00+00:00,0.4919,4.1981,0.4163,8,23.9291
2023-03-10 00:00:00+00:00,0.4835,5.2917,0.3396,8,32.5313
2023-03-11 00:00:00+00:00,0.382,4.9395,0.2828,8,15.3187
2023-03-12 00:00:00+00:00,0.3161,4.2743,0.3493,8,30.458
2023-03-13 00:00:00+00:00,0.3687,6.9132,0.3028,8,18.1633
2023-03-14 00:00:00+00:00,0.5307,7.0112,0.4443,8,27.6643
2023-03-15 00:00:00+00:00,0.3488,4.7854,0.3775,8,11.909
2023-03-16 00:00:00+00:00,0.2558,4.2522,0.318,8,26.4161
2023-03-17 00:00:00+00:00,0.2088,4.6768,0.2918,8,13.1214
2023-03-18 00:00:00+00:00,0.2084,3.0255,0.2299,8,15.6741
2023-03-19 00:00:00+00:00,0.2675,2.8202,0.2149,8,17.9937
2023-03-20 00:00:00+00:00,0.1646,3.6619,0.1621,8,27.3951
2023-03-21 00:00:00+00:00,0.1619,3.486,0.1946,8,12.4352
2023-03-22 00:00:00+00:00,0.2527,5.2817,0.2712,8,33.6937
2023-03-23 00:00:00+00:00,0.3252,5.6196,0.2401,8,11.1031
2023-03-24 00:00:00+00:00,0.4352,6.0913,0.2505,8,11.9826
2023-03-25 00:00:00+00:00,0.4009,6.6669,0.2638,8,54.4676
2023-03-27 00:00:00+00:00,0.3969,6.0201,0.3871,8,14.0406
2023-03-28 00:00:00+00:00,0.2614,4.4905,0.4038,8,19.87
2023-03-29 00:00:00+00:00,0.2501,3.9184,0.308,8,12.4284
2023-03-30 00:00:00+00:00,0.2812,5.381,0.2416,8,24.3764
2023-03-31 00:00:00+00:00,0.3987,5.1106,0.1977,8,12.979
2023-04-02 00:00:00+00:00,0.2606,5.0666,0.3036,8,11.075
2023-04-03 00:00:00+00:00,0.2401,3.9929,0.4111,8,34.4525
2023-04-04 00:00:00+00:00,0.1671,2.7962,0.3946,8,16.592
2023-04-05 00:00:00+00:00,0.13,1.8754,0.3559,8,7.3637
2023-04-06 00:00:00+00:00,0.1372,3.1462,0.3525,8,20.5685
2023-04-07 00:00:00+00:00,0.1351,3.2931,0.1916,8,10.4042
2023-04-08 00:00:00+00:00,0.1199,3.1132,0.1587,8,19.2306
2023-04-09 00:00:00+00:00,0.111,2.2823,0.2413,8,21.1306
2023-04-10 00:00:00+00:00,0.184,4.2849,0.2467,8,47.8737
2023-04-11 00:00:00+00:00,0.3072,5.3958,0.3417,8,26.7961
2023-04-12 00:00:00+00:00,0.339,4.6604,0.2626,8,28.2967
2023-04-13 00:00:00+00:00,0.4156,4.3918,0.3209,8,29.8534
2023-04-14 00:00:00+00:00,0.1716,3.137,0.234,8,9.2288
2023-04-15 00:00:00+00:00,0.1835,4.2242,0.1536,8,19.6336
2023-04-16 00:00:00+00:00,0.1534,3.4096,0.1546,8,9.8882
2023-04-17 00:00:00+00:00,0.1589,3.5652,0.1814,8,12.0118
2023-04-18 00:00:00+00:00,0.1841,4.7383,0.1654,8,19.4872
2023-04-19 00:00:00+00:00,0.1969,5.0324,0.2503,8,9.5659
2023-04-20 00:00:00+00:00,0.1866,4.9692,0.2161,8,16.4488
2023-04-21 00:00:00+00:00,0.181,4.5726,0.197,8,21.7854
2023-04-22 00:00:00+00:00,0.1957,3.8786,0.2112,8,16.2514
2023-04-23 00:00:00+00:00,0.2245,3.4976,0.1655,8,15.8073
2023-04-24 00:00:00+00:00,0.2993,5.0108,0.2145,8,15.911
2023-04-25 00:00:00+00:00,0.3588,5.5505,0.346,8,18.3719
2023-04-26 00:00:00+00:00,0.2764,4.5146,0.3466,8,23.7039
2023-04-27 00:00:00+00:00,0.1958,3.0384,0.3616,8,17.7523
2023-05-04 00:00:00+00:00,0.229,2.8828,0.3425,8,18.0249
2023-05-05 00:00:00+00:00,0.2168,4.4282,0.3297,8,9.096
2023-05-06 00:00:00+00:00,0.2723,3.7686,0.2975,8,11.2156
2023-05-07 00:00:00+00:00,0.239,4.0272,0.3005,8,18.8205
2023-05-08 00:00:00+00:00,0.2065,3.7718,0.3835,8,8.248
2023-05-09 00:00:00+00:00,0.3163,4.4257,0.3915,8,9.2858
2023-05-10 00:00:00+00:00,0.2418,4.3498,0.2009,8,32.5942
2023-05-11 00:00:00+00:00,0.199,3.0649,0.2225,8,12.7178
2023-05-12 00:00:00+00:00,0.1719,3.8122,0.2238,8,18.6119
2023-05-13 00:00:00+00:00,0.1732,3.5057,0.1874,8,14.1471
2023-05-14 00:00:00+00:00,0.2203,2.828,0.2298,8,29.0862
2023-05-15 00:00:00+00:00,0.1999,3.0577,0.1758,8,10.8261
2023-05-16 00:00:00+00:00,0.2497,5.4191,0.2499,8,13.5567
2023-05-17 00:00:00+00:00,0.2309,5.2384,0.4101,8,16.416
2023-05-18 00:00:00+00:00,0.1444,2.8308,0.4545,8,26.7913
2023-05-19 00:00:00+00:00,0.165,3.2136,0.2696,8,5.0717
2023-05-20 00:00:00+00:00,0.1642,4.3119,0.2421,8,21.6584
2023-05-21 00:00:00+00:00,0.1625,3.9155,0.2299,8,32.2853
2023-05-22 00:00:00+00:00,0.1308,3.3964,0.2142,8,17.1281
2023-05-23 00:00:00+00:00,0.2406,4.9404,0.2671,8,8.0041
2023-05-24 00:00:00+00:00,0.1593,3.743,0.3033,8,20.4008
2023-05-25 00:00:00+00:00,0.2132,4.0516,0.3705,8,9.1058
2023-05-26 00:00:00+00:00,0.1887,4.154,0.42,8,10.9215
2023-05-27 00:00:00+00:00,0.1182,2.6804,0.3594,8,13.5823
2023-05-28 00:00:00+00:00,0.1684,2.9957,0.427,8,20.7374
2023-05-29 00:00:00+00:00,0.1507,3.9874,0.4431,8,15.0279
2023-05-30 00:00:00+00:00,0.1468,3.5023,0.4193,8,20.5633
2023-05-31 00:00:00+00:00,0.1371,3.9524,0.4377,8,12.3192
2023-06-01 00:00:00+00:00,0.1778,4.0729,0.4117,8,17.4163
2023-06-02 00:00:00+00:00,0.2463,3.5679,0.4773,8,13.8929
2023-06-03 00:00:00+00:00,0.1506,3.0788,0.4438,8,9.9789
2023-06-04 00:00:00+00:00,0.1138,2.7503,0.4179,8,32.6215
2023-06-05 00:00:00+00:00,0.1078,2.6491,0.3489,8,11.4323
2023-06-06 00:00:00+00:00,0.1097,2.8955,0.2712,8,14.9713
2023-06-07 00:00:00+00:00,0.1294,2.496,0.2182,8,14.0561
2023-06-08 00:00:00+00:00,0.1429,2.5287,0.2275,8,15.9724
2023-06-09 00:00:00+00:00,0.2133,3.3595,0.2151,8,25.1786
2023-06-10 00:00:00+00:00,0.181,4.4251,0.2542,8,12.2542
2023-06-11 00:00:00+00:00,0.2296,4.3302,0.4218,8,25.2148
2023-06-12 00:00:00+00:00,0.2225,3.9471,0.4797,8,11.4024
2023-06-13 00:00:00+00:00,0.18,3.8813,0.4206,8,7.52
2023-06-14 00:00:00+00:00,0.1596,3.3246,0.3604,8,4.969
2023-06-15 00:00:00+00:00,0.1099,2.4615,0.2959,8,12.0841
2023-06-16 00:00:00+00:00,0.1087,2.6805,0.1979,8,11.3526
2023-06-17 00:00:00+00:00,0.1201,2.134,0.2239,8,8.8349
2023-06-18 00:00:00+00:00,0.1333,1.9368,0.2712,8,12.7207
2023-06-19 00:00:00+00:00,0.145,2.5964,0.2973,8,20.8625
2023-06-20 00:00:00+00:00,0.1917,2.4467,0.2991,8,10.6703
2023-06-21 00:00:00+00:00,0.244,2.6983,0.3068,8,9.8727
2023-06-22 00:00:00+00:00,0.2407,2.6494,0.3737,8,12.909
2023-06-23 00:00:00+00:00,0.2644,4.3929,0.3238,8,14.958
2023-06-24 00:00:00+00:00,0.1484,2.8836,0.3229,8,6.2268
2023-06-25 00:00:00+00:00,0.1106,1.7261,0.3144,8,11.4092
2023-06-26 00:00:00+00:00,0.2104,4.1123,0.3245,8,10.9527
2023-06-27 00:00:00+00:00,0.2072,4.7457,0.3344,8,11.8379
2023-06-28 00:00:00+00:00,0.1787,3.4122,0.2702,8,5.645
2023-06-29 00:00:00+00:00,0.1745,2.403,0.3619,8,5.5109
2023-06-30 00:00:00+00:00,0.1406,3.066,0.2603,8,13.3658
2023-07-01 00:00:00+00:00,0.219,4.4985,0.2698,8,13.941
2023-07-02 00:00:00+00:00,0.3478,6.5091,0.3873,8,52.0694
2023-07-03 00:00:00+00:00,0.324,5.9165,0.4352,8,26.1711
2023-07-04 00:00:00+00:00,0.3744,5.0288,0.3962,8,13.9943
2023-07-05 00:00:00+00:00,0.3122,5.3212,0.4108,8,19.836
2023-07-06 00:00:00+00:00,0.2138,3.6303,0.3132,8,10.6612
2023-07-07 00:00:00+00:00,0.1334,2.2567,0.3611,8,10.5014
2023-07-08 00:00:00+00:00,0.1421,2.3498,0.2592,8,11.3729
2023-07-09 00:00:00+00:00,0.1378,2.094,0.2764,8,20.0413
2023-07-10 00:00:00+00:00,0.2481,3.2826,0.3706,8,13.4006
2023-07-11 00:00:00+00:00,0.1688,3.0516,0.3269,8,7.9291
2023-07-12 00:00:00+00:00,0.2722,4.3886,0.3567,8,11.2881
2023-07-13 00:00:00+00:00,0.2299,4.0338,0.3705,8,15.217
2023-07-14 00:00:00+00:00,0.1884,2.697,0.2812,8,5.8408
2023-07-15 00:00:00+00:00,0.23,4.3316,0.3511,8,16.5514
2023-07-16 00:00:00+00:00,0.3316,5.1017,0.5532,8,23.3674
2023-07-17 00:00:00+00:00,0.2897,4.482,0.4819,8,14.1141
2023-07-18 00:00:00+00:00,0.2042,3.2431,0.41,8,14.4652
2023-07-19 00:00:00+00:00,0.2235,3.2185,0.3011,8,7.9472
2023-07-20 00:00:00+00:00,0.1873,3.7658,0.3262,8,12.8855
2023-07-21 00:00:00+00:00,0.1911,2.7214,0.3413,8,6.9714
2023-07-22 00:00:00+00:00,0.2023,3.8654,0.3224,8,9.5029
2023-07-23 00:00:00+00:00,0.3659,4.6179,0.3118,8,20.0629
2023-07-24 00:00:00+00:00,0.2832,4.4432,0.2418,8,8.2892
2023-07-25 00:00:00+00:00,0.2224,4.1921,0.2966,8,9.9803
2023-07-26 00:00:00+00:00,0.2421,4.5169,0.3016,8,12.861
2023-07-27 00:00:00+00:00,0.271,4.0703,0.2691,8,6.2624
2023-07-28 00:00:00+00:00,0.2121,3.3636,0.2139,8,8.8128
2023-07-29 00:00:00+00:00,0.198,3.6617,0.1939,8,9.9398
2023-07-30 00:00:00+00:00,0.2602,4.8021,0.2859,8,11.413
2023-07-31 00:00:00+00:00,0.2478,4.8533,0.2669,8,9.9269
2023-08-01 00:00:00+00:00,0.2574,4.8125,0.2111,8,8.4161
2023-08-02 00:00:00+00:00,0.2872,5.1098,0.1997,8,13.0026
2023-08-03 00:00:00+00:00,0.4039,5.9282,0.2844,8,22.8922
2023-08-04 00:00:00+00:00,0.2589,3.6326,0.2388,8,6.5498
2023-08-05 00:00:00+00:00,0.2182,2.763,0.2896,8,5.9775
2023-08-06 00:00:00+00:00,0.2849,4.6599,0.2109,8,17.6892
2023-08-07 00:00:00+00:00,0.5508,7.4811,0.2901,8,25.6815
2023-08-08 00:00:00+00:00,0.4085,7.1166,0.3036,8,17.7548
2023-08-09 00:00:00+00:00,0.2617,4.684,0.3275,8,7.1319
2023-08-10 00:00:00+00:00,0.1587,2.9213,0.2881,8,11.9164
2023-08-11 00:00:00+00:00,0.1502,2.3003,0.303,8,9.6962
2023-08-12 00:00:00+00:00,0.1463,3.0547,0.2604,8,19.9544
2023-08-13 00:00:00+00:00,0.1679,2.8419,0.2419,8,18.402
2023-08-14 00:00:00+00:00,0.1216,2.4324,0.2358,8,13.1889
2023-08-15 00:00:00+00:00,0.1946,2.9126,0.2455,8,13.2282
2023-08-16 00:00:00+00:00,0.1522,2.306,0.1974,8,8.0035
2023-08-17 00:00:00+00:00,0.1398,2.7212,0.2623,8,4.8492
2023-08-18 00:00:00+00:00,0.1466,2.7248,0.2257,8,10.778
2023-08-19 00:00:00+00:00,0.1402,2.9286,0.2005,8,11.9711
2023-08-20 00:00:00+00:00,0.1345,2.186,0.2118,8,7.2192
2023-08-21 00:00:00+00:00,0.1862,2.3294,0.2428,8,14.2309
2023-08-22 00:00:00+00:00,0.1674,2.507,0.2754,8,8.5905
2023-08-23 00:00:00+00:00,0.1711,2.435,0.3346,8,23.4263
2023-08-24 00:00:00+00:00,0.1612,2.171,0.2776,8,14.5539
2023-08-25 00:00:00+00:00,0.249,2.9664,0.3097,8,13.4137
2023-08-26 00:00:00+00:00,0.3949,3.1825,0.2847,8,15.5188
2023-08-27 00:00:00+00:00,0.2543,2.5005,0.3496,8,6.8458
2023-08-28 00:00:00+00:00,0.1761,3.1754,0.23,8,14.1378
2023-08-29 00:00:00+00:00,0.1975,2.607,0.1957,8,10.7565
2023-08-30 00:00:00+00:00,0.1941,2.7678,0.2329,8,8.2245
2023-08-31 00:00:00+00:00,0.2293,3.6966,0.2292,8,11.3578
2023-09-01 00:00:00+00:00,0.1606,3.021,0.1721,8,23.7415
2023-09-02 00:00:00+00:00,0.136,2.2263,0.1774,8,11.0229
2023-09-03 00:00:00+00:00,0.1135,2.9463,0.2056,8,6.9211
2023-09-04 00:00:00+00:00,0.0994,2.8458,0.29,8,14.6138
2023-09-05 00:00:00+00:00,0.119,2.5953,0.2805,8,11.9982
2023-09-06 00:00:00+00:00,0.1221,2.5813,0.2618,8,12.0894
2023-09-07 00:00:00+00:00,0.1274,3.2375,0.2363,8,8.3847
2023-09-08 00:00:00+00:00,0.1071,2.5572,0.2624,8,9.2165
2023-09-09 00:00:00+00:00,0.076,1.8619,0.2723,8,10.8349
2023-09-10 00:00:00+00:00,0.0848,1.5254,0.2386,8,10.7321
2023-09-11 00:00:00+00:00,0.1035,1.9375,0.2397,8,38.6619
2023-09-12 00:00:00+00:00,0.1789,2.0459,0.1864,8,13.8895
2023-09-13 00:00:00+00:00,0.2281,3.6305,0.2657,8,25.3988
2023-09-14 00:00:00+00:00,0.1709,2.3483,0.3603,8,11.9465
2023-09-15 00:00:00+00:00,0.1598,2.8307,0.2869,8,7.8746
2023-09-16 00:00:00+00:00,0.1385,2.6065,0.2505,8,5.883
2023-09-17 00:00:00+00:00,0.1844,2.7303,0.213,8,9.2603
2023-09-18 00:00:00+00:00,0.2391,4.5505,0.1995,8,14.6694
2023-09-19 00:00:00+00:00,0.3005,6.4216,0.3655,8,20.5123
2023-09-20 00:00:00+00:00,0.2919,5.2951,0.2665,8,13.9393
2023-09-21 00:00:00+00:00,0.3053,4.181,0.2865,8,17.6001
2023-09-22 00:00:00+00:00,0.4637,4.0742,0.3993,8,7.2978
2023-09-23 00:00:00+00:00,0.2096,3.9839,0.24,8,9.8643
2023-09-24 00:00:00+00:00,0.1254,3.3717,0.2786,8,15.5183
2023-09-25 00:00:00+00:00,0.131,3.5507,0.2789,8,32.6327
2023-09-26 00:00:00+00:00,0.1786,2.5641,0.1893,8,13.4549
2023-09-27 00:00:00+00:00,0.1537,2.2627,0.2025,8,8.7847
2023-09-28 00:00:00+00:00,0.1988,3.2639,0.2291,8,15.4975
2023-09-29 00:00:00+00:00,0.3074,3.8529,0.2631,8,9.3052
2023-09-30 00:00:00+00:00,0.1879,3.9411,0.2969,8,8.2358
2023-10-01 00:00:00+00:00,0.153,3.3881,0.2157,8,8.5096
2023-10-02 00:00:00+00:00,0.2007,2.9537,0.218,8,9.4647
2023-10-03 00:00:00+00:00,0.3835,5.7996,0.3061,8,42.3554
2023-10-04 00:00:00+00:00,0.2322,5.557,0.2736,8,12.6876
2023-10-05 00:00:00+00:00,0.2145,4.6211,0.2202,8,10.6079
2023-10-06 00:00:00+00:00,0.2867,5.137,0.2258,8,18.6153
2023-10-07 00:00:00+00:00,0.3307,5.4202,0.2971,8,18.6371
2023-10-08 00:00:00+00:00,0.2839,3.1428,0.4385,8,9.2669
2023-10-09 00:00:00+00:00,0.3422,3.3412,0.3489,8,7.1501
2023-10-10 00:00:00+00:00,0.178,3.4697,0.223,8,13.0903
2023-10-11 00:00:00+00:00,0.2036,5.5434,0.2171,8,22.9896
2023-10-12 00:00:00+00:00,0.2152,4.2865,0.3379,8,13.2236
2023-10-13 00:00:00+00:00,0.3171,5.6088,0.2718,8,21.494
2023-10-14 00:00:00+00:00,0.412,7.0782,0.4676,8,20.4955
2023-10-15 00:00:00+00:00,0.3003,6.2526,0.5496,8,26.4644
2023-10-16 00:00:00+00:00,0.1727,3.629,0.4781,8,15.2666
2023-10-17 00:00:00+00:00,0.1263,2.8215,0.2799,8,12.6313
2023-10-18 00:00:00+00:00,0.1439,3.8691,0.2166,8,14.0777
2023-10-19 00:00:00+00:00,0.2428,5.6676,0.333,8,14.6781
2023-10-20 00:00:00+00:00,0.4191,7.3103,0.4368,8,13.6308
2023-10-21 00:00:00+00:00,0.4031,5.1932,0.2998,8,14.4247
2023-10-22 00:00:00+00:00,0.2997,4.3655,0.2313,8,17.1666
2023-10-23 00:00:00+00:00,0.1772,2.9859,0.1905,8,15.4898
2023-10-24 00:00:00+00:00,0.257,4.0477,0.176,8,8.9544
2023-10-25 00:00:00+00:00,0.2559,3.9256,0.1813,8,8.5448
2023-10-26 00:00:00+00:00,0.2879,4.3511,0.173,8,22.471
2023-10-27 00:00:00+00:00,0.3001,4.3191,0.1821,8,6.7887
2023-10-28 00:00:00+00:00,0.2281,4.6368,0.2112,8,11.6054
2023-10-29 00:00:00+00:00,0.2778,5.4369,0.2516,8,23.1619
2023-10-30 00:00:00+00:00,0.3238,4.5847,0.4121,8,6.5363
2023-10-31 00:00:00+00:00,0.4261,4.6699,0.2417,8,10.108
2023-11-01 00:00:00+00:00,0.2535,4.6895,0.2206,8,8.2258
2023-11-02 00:00:00+00:00,0.3006,6.081,0.3048,8,10.9852
2023-11-03 00:00:00+00:00,0.5901,5.8598,0.4378,8,15.1403
2023-11-04 00:00:00+00:00,0.2971,6.1511,0.2366,8,9.7686
2023-11-05 00:00:00+00:00,0.4683,6.0625,0.2584,8,10.6974
2023-11-06 00:00:00+00:00,0.3619,6.2115,0.1906,8,24.8411
2023-11-07 00:00:00+00:00,0.2595,5.4611,0.1955,8,6.5881
2023-11-08 00:00:00+00:00,0.2773,5.899,0.2038,8,5.8333
2023-11-09 00:00:00+00:00,0.3437,4.8725,0.2351,8,13.615
2023-11-10 00:00:00+00:00,0.3278,5.0014,0.2985,8,4.2962
2023-11-11 00:00:00+00:00,0.1907,3.7312,0.1786,8,3.8868
2023-11-12 00:00:00+00:00,0.2239,2.5137,0.213,8,8.3971
2023-11-13 00:00:00+00:00,0.4487,4.7854,0.3271,8,10.5285
2023-11-14 00:00:00+00:00,0.6081,6.5721,0.3043,8,7.6134
2023-11-15 00:00:00+00:00,0.3132,4.9677,0.208,8,9.9633
2023-11-16 00:00:00+00:00,0.3567,4.4974,0.2527,8,9.702
2023-11-17 00:00:00+00:00,0.289,3.8696,0.1679,8,10.349
2023-11-18 00:00:00+00:00,0.1965,3.7746,0.255,8,13.9526
2023-11-19 00:00:00+00:00,0.3459,6.0731,0.2718,8,18.3321
2023-11-20 00:00:00+00:00,0.3525,4.6679,0.1782,8,15.3537
2023-11-21 00:00:00+00:00,0.2801,3.7398,0.2051,8,7.0314
2023-11-22 00:00:00+00:00,0.1996,4.0424,0.3299,8,8.8529
2023-11-23 00:00:00+00:00,0.3749,7.4441,0.2213,8,20.7552
2023-11-24 00:00:00+00:00,0.5201,8.0906,0.4975,8,7.2543
2023-11-25 00:00:00+00:00,0.317,5.3821,0.2624,8,5.6034
2023-11-26 00:00:00+00:00,0.1744,3.5804,0.2541,8,6.9695
2023-11-27 00:00:00+00:00,0.2468,4.1634,0.2056,8,7.3519
2023-11-28 00:00:00+00:00,0.2359,4.6845,0.2882,8,12.2111
2023-11-29 00:00:00+00:00,0.2667,3.662,0.3384,8,19.397
2023-11-30 00:00:00+00:00,0.2244,2.4448,0.3056,8,24.282
2023-12-01 00:00:00+00:00,0.1905,2.5241,0.2259,8,14.9184
2023-12-02 00:00:00+00:00,0.1556,2.9097,0.126,8,7.9393
2023-12-03 00:00:00+00:00,0.1335,3.4503,0.1587,8,6.3453
2023-12-04 00:00:00+00:00,0.2239,4.2679,0.3352,8,8.2026
2023-12-05 00:00:00+00:00,0.2742,4.9182,0.2628,8,7.7693
2023-12-06 00:00:00+00:00,0.2579,3.8843,0.176,8,15.6497
2023-12-07 00:00:00+00:00,0.1729,2.8119,0.1602,8,20.4515
2023-12-08 00:00:00+00:00,0.2226,4.0933,0.3008,8,12.9532
2023-12-09 00:00:00+00:00,0.2977,4.8499,0.2328,8,10.2958
2023-12-10 00:00:00+00:00,0.4602,6.0534,0.3571,8,11.2428
2023-12-11 00:00:00+00:00,0.3913,4.9398,0.222,8,12.6659
2023-12-12 00:00:00+00:00,0.2333,3.8345,0.2036,8,17.0758
2023-12-13 00:00:00+00:00,0.188,4.3943,0.2069,8,11.4193
2023-12-14 00:00:00+00:00,0.1862,2.9578,0.1911,8,12.5765
2023-12-15 00:00:00+00:00,0.192,3.8075,0.2045,8,6.0878
2023-12-16 00:00:00+00:00,0.2045,4.8987,0.2323,8,15.5023
2023-12-17 00:00:00+00:00,0.2192,5.3796,0.2471,8,9.9067
2023-12-18 00:00:00+00:00,0.2011,5.2052,0.271,8,9.5961
2023-12-19 00:00:00+00:00,0.319,5.2897,0.2974,8,6.1153
2023-12-20 00:00:00+00:00,0.3652,6.6894,0.2493,8,15.1546
2023-12-21 00:00:00+00:00,0.6236,9.1803,0.2612,8,21.1747
2023-12-22 00:00:00+00:00,0.6136,9.6315,0.4732,8,15.0677
2023-12-23 00:00:00+00:00,0.4482,7.3131,0.3465,8,12.37
2023-12-24 00:00:00+00:00,0.5001,7.5577,0.2167,8,23.8514
2023-12-25 00:00:00+00:00,0.4611,7.4588,0.1938,8,19.1681
2023-12-26 00:00:00+00:00,0.4557,6.6922,0.2056,8,18.0196
2023-12-27 00:00:00+00:00,0.2361,4.3757,0.3487,8,12.3988
2023-12-28 00:00:00+00:00,0.4153,6.8984,0.3616,8,19.692
2023-12-29 00:00:00+00:00,0.4334,7.5244,0.2198,8,18.1195
2023-12-30 00:00:00+00:00,0.3165,5.6655,0.2678,8,12.1162
2023-12-31 00:00:00+00:00,0.26,5.2939,0.2534,8,11.6213
2024-01-01 00:00:00+00:00,0.3968,5.5962,0.2496,8,13.8898
2024-01-02 00:00:00+00:00,0.4871,6.3941,0.3583,8,8.8582
2024-01-03 00:00:00+00:00,0.5911,7.7735,0.3644,8,15.6807
2024-01-04 00:00:00+00:00,0.5283,6.0717,0.3672,8,9.1684
2024-01-05 00:00:00+00:00,0.2636,4.4854,0.3664,8,13.3317
2024-01-06 00:00:00+00:00,0.2177,4.3884,0.2127,8,4.2105
2024-01-07 00:00:00+00:00,0.2174,4.9736,0.2337,8,5.8292
2024-01-08 00:00:00+00:00,0.2003,4.8517,0.3157,8,7.104
2024-01-09 00:00:00+00:00,0.1131,3.2839,0.1651,8,7.7364
2024-01-10 00:00:00+00:00,0.0847,2.5439,0.1766,8,11.8712
2024-01-11 00:00:00+00:00,0.1064,2.8949,0.1368,8,11.6161
2024-01-12 00:00:00+00:00,0.171,3.2138,0.156,8,4.2914
2024-01-13 00:00:00+00:00,0.2192,5.6303,0.1718,8,11.0906
2024-01-14 00:00:00+00:00,0.3106,5.6862,0.1768,8,10.1624
2024-01-15 00:00:00+00:00,0.4543,6.7822,0.3367,8,9.3861
2024-01-17 00:00:00+00:00,0.2377,4.3058,0.3005,8,13.638
2024-01-18 00:00:00+00:00,0.3921,3.8529,0.33,8,10.1662
2024-01-21 00:00:00+00:00,0.2965,5.9327,0.3734,8,9.5442
2024-01-25 00:00:00+00:00,0.2298,5.4694,0.2412,8,13.6865
2024-01-29 00:00:00+00:00,0.1591,3.3907,0.273,8,20.1983
2024-02-02 00:00:00+00:00,0.2761,5.7441,0.2931,8,5.5206
